BTC;bitcoin
ETH;ethereum
USDT;tether
XRP;xrp
BNB;binance-coin
USDC;usd-coin
SOL;solana
TRX;tron
DOGE;dogecoin
ADA;cardano
STETH;steth
WBTC;wrapped-bitcoin
LEO;unus-sed-leo
TON;toncoin
LINK;chainlink
XLM;stellar
AVAX;avalanche
SHIB;shiba-inu
SUI;sui
OM;mantra-dao
HBAR;hedera-hashgraph
DAI;multi-collateral-dai
BCH;bitcoin-cash
DOT;polkadot
LTC;litecoin
USDE;ethena-usde
BTCB;bitcoin-bep2
BGB;bitget-token-new
WETH;weth
PI;pi
XMR;monero
HYPE;hyperliquid
UNI;uniswap
OKB;okb
PEPE;pepe
APT;aptos
NEAR;near-protocol
MNT;mantle
ONDO;ondo-finance
ICP;internet-computer
ETC;ethereum-classic
CRO;crypto-com-coin
FDUSD;first-digital-usd
AAVE;aave
GT;gatetoken
POL;polygon-ecosystem-token
VET;vechain
ATOM;cosmos
TAO;bittensor
KAS;kaspa
ENA;ethena
TRUMP;official-trump
FIL;filecoin
RENDER;render
TIA;celestia
ALGO;algorand
DEXE;dexe
ARB;arbitrum
S;fantom
EOS;eos
IP;story-protocol
KCS;kucoin-token
OP;optimism-ethereum
XDC;xinfin-network
MKR;maker
FET;fetch
JUP;jupiter
WBNB;wbnb
STX;stacks
WLD;worldcoin-org
USD0;usual-usd
FORM;binaryx-new
BONK;bonk1
MOVE;movement
QNT;quant
XAUT;tether-gold
PYUSD;paypal-usd
GRT;the-graph
FLR;flare
SEI;sei
INJ;injective-protocol
THETA;theta
IMX;immutable-x
PAXG;pax-gold
LDO;lido-dao
NEXO;nexo
XTZ;tezos
SAND;the-sandbox
CRV;curve-dao-token
KAIA;kaia
GALA;gala
BTTOLD;bittorrent
IOTA;iota
BSV;bitcoin-sv
FLOW;flow
TUSD;trueusd
JTO;jito
ZEC;zcash
FLOKI;floki-inu
CAKE;pancakeswap
FARTCOIN;fartcoin
BERA;berachain
ENS;ethereum-name-service
KAVA;kava
JASMY;jasmy
GRASS;grass
PENDLE;pendle
RAY;raydium
HNT;helium
PYTH;pyth-network
MANA;decentraland
TEL;telcoin
AXS;axie-infinity
CHZ;chiliz
RSR;reserve-rights
RUNE;thorchain
COMP;compound
FRAX;frax
CFX;conflux-network
NEO;neo
XEC;ecash
WIF;dogwifhat
AR;arweave
EGLD;elrond-egld
TWT;trust-wallet-token
VIRTUAL;virtual-protocol
JST;just
FTT;ftx-token
MELANIA;melania-meme
XCN;onyxcoin
AMP;amp
PENGU;pudgy-penguins
GNO;gnosis-gno
MX;mx-token
MINA;mina
AERO;aerodrome-finance
DASH;dash
AKT;akash-network
NXM;nxm
USDD;usdd
1INCH;1inch
AIOZ;aioz-network
WXT;wirex-token
GLM;golem-network-tokens
WEMIX;wemix
KSM;kusama
TFUEL;theta-fuel
ZIL;zilliqa
ZK;zksync
NOT;notcoin
QTUM;qtum
ZRX;0x
DCR;decred
BAT;basic-attention-token
CKB;nervos-network
ELF;aelf
CVX;convex-finance
BORG;swissborg
IOTX;iotex
VTHO;vethor-token
DGB;digibyte
TRAC;origintrail
HOT;holo
CELO;celo
ROSE;oasis-network
SUN;sun-token
LPT;livepeer
RVN;ravencoin
ANKR;ankr
FXS;frax-share
SC;siacoin
YFI;yearn-finance
SNX;synthetix-network-token
ONE;harmony
SUSHI;sushiswap
GAS;gas
STORM;storm
XEM;nem
ENJ;enjin-coin
ZEN;horizen
WOO;wootrade
LRC;loopring
GMX;goldmaxcoin
LCX;lcx
PAI;project-pai
KDA;kadena
WAVES;waves
ONT;ontology
CSPR;casper
SKL;skale-network
XYO;xyo
MASK;mask-network
XNO;nano
DAG;constellation
DYDX;dydx
PROM;prometeus
HIVE;hive-blockchain
COTI;coti
BAND;band-protocol
STORJ;storj
FUN;funtoken
XPR;proton
SUPER;superfarm
METIS;metisdao
CVC;civic
UMA;uma
SWFTC;swftcoin
ICX;icon
USDP;paxos-standard
AUDIO;audius
SNT;status
WAXP;wax
REQ;request
SOLO;sologenic
BAN;banano
VELO;velo
RLC;rlc
POWR;power-ledger
RPL;rocket-pool
ZANO;zano
LSK;lisk
IQ;everipedia
MVL;mvl
IOST;iostoken
ORBS;orbs
DKA;dkargo
BAL;balancer
YGG;yield-guild-games
PHA;phala-network
CHR;chromia
ONG;ontology-gas
STPT;standard-tokenization-protocol
API3;api3
MLK;milk-alliance
POND;marlin
ILV;illuvium
ELON;dogelon
XVG;verge
PUNDIX;pundix-new
RARE;superrare
CBK;cobak-token
DENT;dent
CELR;celer-network
KNC;kyber-network
VVV;venice-ai
TRB;tellor
STEEM;steem
ARK;ark
OXT;orchid
JOE;joe
MTL;metal
CFG;centrifuge
AERGO;aergo
IMT;moneytoken
AGLD;adventure-gold
DF;dforce
XYM;symbol
NMR;numeraire
SCRT;secret
OSMO;osmosis
WILD;wilder-world
BIO;biocoin
BEL;bella-protocol
SCR;scroll
LAYER;unilayer
ABT;arcblock
MOVR;moonriver
WIN;wink
CTSI;cartesi
PYR;vulcan-forged-pyr
ARDR;ardor
BNT;bancor
QKC;quarkchain
STMX;stormx
MBL;moviebloc
NTRN;neutron-ntrn
TLOS;telos
ALICE;myneighboralice
TRU;truefi-token
UQC;uquid-coin
DIA;dia
OMI;ecomi
DODO;dodo
FORTH;ampleforth-governance-token
OGN;origin-protocol
RACA;radio-caca
RIF;rsk-infrastructure-framework
RAD;radicle
DEGO;dego-finance
ARPA;arpa-chain
CLV;clover
AMPL;ampleforth
SXP;swipe
AQT;alpha-quark-token
SUSD;susd
ORAI;oraichain-token
CTXC;cortex
MLN;enzyme
SAGA;saga
DEP;deapcoin
SYS;syscoin
ELA;elastos
RED;redcoin
LOOM;loom-network
LAT;platon
ATA;automata-network
ACE;fusionist
DUSK;dusk-network
ALPHA;alpha-finance-lab
OMG;omg
SEAL;seal-network
CTK;certik
AVA;travala
MAPO;map-protocol
PNG;pangolin
EPIC;epic-cash
GHST;aavegotchi
TLM;alien-worlds
KEYCAT;keyboard-cat
MBOX;mobox
BADGER;badger-dao
TARA;taraxa
TT;thunder-token
DAO;dao-maker
HARD;hard-protocol
PRQ;parsiq
NKN;nkn
ID;everest
UTK;utrust
IDEX;idex
EWT;energy-web-token
ALCX;alchemix
UOS;ultra
RARI;rarible
XPRT;persistence
VIC;tomochain
WAN;wanchain
FARM;harvest-finance
POLIS;star-atlas-polis
KMD;komodo
POLS;polkastarter
ASD;bitmax-token
PSG;paris-saint-germain-fan-token
FOX;fox-token
DATA;streamr
COS;contentos
BAR;fc-barcelona-fan-token
KLV;klever
LTO;lto-network
HAI;hackenai
MDT;measurable-data-token
PERP;perpetual-protocol
PROS;prosper
BLZ;bluzelle
GHX;gamercoin
ADX;adx-net
FIRO;firo
PPT;populous
FIS;stafi
MATH;math
PROPS;props
SUKU;suku
KRL;kryll
VRA;verasity
CEEK;ceek-vr
PIVX;pivx
FLM;flamingo
ALEPH;aleph-im
CHESS;tranchess
FIO;fio-protocol
MIX;mixmarvel
NULS;nuls
REN;ren
PLU;pluton
FIDA;bonfida
YFII;yearn-finance-ii
JUV;juventus-fan-token
CELL;cellframe
HTR;hathor
REEF;reef
NFT;apenft
SWAP;trustswap
SKEY;smartkey
TROY;troy
ASR;as-roma-fan-token
KAN;bitkan
KIN;kin
PDA;playdapp
DVPN;sentinel
AE;aeternity
FT;fabric-token
DBC;deepbrain-chain
STOS;stratos
ANT;aragon
UFT;unilend
SLIM;solanium
MXC;mxc
TOP;top
LINA;linear
DPR;deeper-network
NWC;newscrypto
POOLX;poolz-finance
SHR;sharetoken
SYLO;sylo
CEL;celsius
PUSH;epns
HOLD;interstellar-holdings
KEY;selfkey
KP3R;keep3rv1
MAHA;mahadao
FUSE;fuse-network
IRIS;irisnet
SERO;super-zero-protocol
BOND;barnbridge
UNFI;unifi-protocol-dao
XPM;primecoin
HAPI;hapi-one
VGX;voyager-token
RWA;xend-finance
VSYS;v-systems
CAS;cashaa
MTV;multivac
ARC;arcticcoin
RIO;realio-network
BEAM;beam
BDG;bitdegree
SLP;small-love-potion
STRK;strike
J;joincoin
RAI;rai
DSLA;dsla-protocol
ZKB;zkswap
LITH;lithium
MONI;monsta-infinite
ELY;elysian
BURGER;burger-swap
FRM;ferrum-network
JULD;julswap
ALPACA;alpaca-finance
FLUX;flux
AMB;amber
ZEE;zeroswap
ODDZ;oddz
HYVE;hyve
VAI;vai
MARSH;unmarshal-token
CRU;crust
ELIX;elixir
ROUTE;router-protocol
ACH;alchemy-pay
ZRC;zrcoin
OLT;oneledger
DUCK;duck-dao
DORA;dora-factory
REX;imbrex
APX;apx
SAI;single-collateral-dai
QUICK;quickswap
TIDAL;tidal-finance
LQTY;liquity
GRPH;graphcoin
SFI;saffron-finance
CAT;bitclave
BTT;blocktrade
TROLL;trollcoin
MILO;milocoin
WSTETH;lido-finance-wsteth
WEETH;wrapped-eeth
SPELL;spell-token
SAFE;safe
CORE;cvault-finance
BUZZ;buzzcoin
DIN;dinero
B3;b3
STRAX;stratis
USTC;terrausd
LUNC;terra-luna
TALK;talken
CTC;cybertronchain
MEME;memetic
BLUE;ethereum-blue
FLUID;instadapp
VIDT;vidt-datalink
BAKE;bakerytoken
TKO;tokocrypto
SKY;skycoin
LUNA;terra-luna-v2
OMNI;omni
MICRO;micromines
XVS;venus
MATIC;polygon
XUSD;xusd
SFP;safepal
FUEL;etherparty
EDU;edu-coin
GTC;game
SEND;social-send
HB;heartbout
MARS;marscoin
SFUND;seedify-fund
RYO;ryo-currency
ACS;acryptos
XCAD;xcad-network
SIX;six
MINT;mintcoin
MIM;magic-internet-money
HOTCROSS;hot-cross
MBX;mobiepay
HOPR;hopr
STAR;starbase
ZCX;unizen
FEG;fegtoken
ROOT;rootkit-finance
XAVA;avalaunch
CXT;coinonat
POLYDOGE;polydoge
RBC;rubic
TRIAS;trias-token
UFO;uniform-fiscal-object
DTC;datacoin
BBT;bitbook
UNO;unobtanium
MAS;midasprotocol
OOE;openocean
GO;gochain
HYP;hyperstake
ASM;assemble-protocol
EURS;stasis-euro
BORA;bora
BTRST;braintrust
BTG;bitcoin-gold
BMX;bitmart-token
HT;huobi-token
BUSD;binance-usd
MED;medibloc
ERG;ergo
PRO;propy
LUSD;liquity-usd
SEN;consensus
KAI;kardiachain
TORN;torn
DPI;defi-pulse-index
NCT;polyswarm
ETN;electroneum
ALI;ailink-token
WNXM;wrapped-nxm
MOC;moss-coin
EGC;evergreencoin
DNT;district0x
NDC;neverdie
MOR;morpheus
THC;hempcoin
DEXT;dextools
HEZ;hermez-network
MONA;monacoin
DRGN;dragonchain
ORN;orion-protocol
DAPP;liquid-apps
NIM;nimiq
CREAM;cream-finance
DVI;dvision-network
PNK;kleros
WRX;wazirx
TIME;chrono-tech
DMD;diamond
WNCG;wrapped-ncg
DIVI;divi
TGT;target-coin
ARG;argentum
EXRD;radix
OUSD;origin-dollar
REP;augur
NAVI;naviaddress
HERO;metahero
UNCX;uncx
BCD;bitcoin-diamond
XDB;digitalbits
RLY;rally
VIB;viberate
KAR;karura
IXT;ixledger
XEP;electra-protocol
HNS;handshake
MYST;mysterium
HYDRA;hydra
SRM;serum
SDN;shiden-network
LTX;lattice-token
MNW;morpheus-network
WIT;witchain
FEI;fei-protocol
BAX;babb
CENNZ;centrality
BLT;bloomtoken
GMEE;gamee
TRADE;unitrade
MOON;moonswap
BTS;bitshares
NRG;energi
DOR;dorado
BDP;big-data-protocol
LIFE;life
BTM;bytom
GAME;gamecredits
ANC;anchor-protocol
RING;darwinia-network
PRE;presearch
BEPRO;bepro-network
SMART;smartcash
CAPS;ternoa
GRIN;grin
UBT;unibright
REVV;revv
VEX;vexanium
OAX;oax
SOIL;soilcoin
AURA;aurora-dao
DROP;dropil
ROOBEE;roobee
JGN;juggernaut
VIDYA;vidya
MIR;mirror-protocol
LSS;lossless
FOR;the-force-protocol
FSN;fusion
BRG;bridge-oracle
XED;exeedme
GSWAP;gameswap
MAPS;maps
CVP;powerpool
GNY;gny
AKRO;akropolis
MOOV;dotmoovs
FREE;free-coin
BRAT;brat
DFYN;dfyn-network
UMB;umbrella-network
TOWER;tower-token
ZYN;zynecoin
POLK;polkamarkets
FWT;freeway-token
HZN;horizon-protocol
CWS;crowns
K21;k21
PCX;chainx
PRX;printerium
AME;amepay
SENSO;senso
RAIN;condensate
INSUR;insurace
SHROOM;niftyx-protocol
AST;airswap
STEP;step-finance
DAFI;dafi-protocol
BENJI;benjirolls
VITE;vite
AMO;amo-coin
UBX;ubix-network
ACP;anarchistsprime
PTF;powertrade-fuel
PIX;lampix
OXY;oxygen
VC;virtualcoin
LAMB;lambda
NET;netcoin
HGET;hedget
HPB;high-performance-blockchain
AEG;aegeus
DEC;decentr
SPN;sapien
RC;russiacoin
MASS;massnet
BAC;basis-cash
BLANK;blank-wallet
ZP;zen-protocol
BUNNY;pancakebunny
CDX;commodity-ad-network
JET;jetcoin
HONEY;honey
MEDX;medx
DERI;deri-protocol
VAL;validity
AEON;aeon
SLT;smartlands-network
TTC;ttc-protocol
WHITE;whiteheart
TITAN;titanswap
RBTC;rsk-smart-bitcoin
BNX;binaryx
UUU;u-network
DOPE;dopecoin
KLAY;klaytn
SG;socialgood
BDX;beldex
GB;goldblocks
PROB;probit-token
MWC;mimblewimblecoin
POLY;polymath-network
PROUD;proud-money
10SET;tenset
QRL;quantum-resistant-ledger
VALOR;valor-token
MIN;mindol
CHAT;chatcoin
TOKE;tokemak
AUR;auroracoin
MTRG;meter-governance
MFT;mainframe
AIX;aigang
MET;metronome
BLOCK;blocknet
MAN;matrix-ai-network
ATN;atn
PIB;pibble
BERRY;rentberry
CAP;cap
AIEPK;epik-protocol
LIKE;likecoin
AUC;auctus
TRIBE;tribe
BCX;bitcoinx
RNT;oneroot-network
LBTC;lightning-bitcoin
LIT;litentry
NAV;nav-coin
MOJO;mojocoin
BSCS;bsc-station
OCT;oraclechain
BFT;bnktothefuture
BOX;contentbox
SNC;suncontract
EDG;edgeless
XIN;mixin
OCEAN;ocean-protocol
NGC;naga
INSN;insanecoin-insn
ZLW;zelwin
TRC;terracoin
FX;function-x
GRID;grid
ZENI;zennies
UP;uptoken
CHAIN;chain-games
KAT;kambria
CPC;cpchain
ZSC;zeusshield
SWING;swing
HEX;hex
BAO;bao-finance
REM;remme
CARD;cardstack
MTN;medical-chain
DAT;datum
BTCST;btc-standard-hashrate-token
MTH;monetha
SMT;smartmesh
CQT;covalent
KINE;kine
EVR;everus
VIA;viacoin
ABL;airbloc
LON;tokenlon-network-token
CDT;blox
KEEP;keep-network
GUSD;gemini-dollar
ZEON;zeon
MUSD;mstable-usd
BFC;bifrost
USDK;usdk
HUNT;hunt
ANKRETH;ankreth
ARRR;pirate-chain
XSGD;xsgd
EL;elysia
GYEN;gyen
GAFI;gamefi
EVZ;electric-vehicle-zone
HEGIC;hegic
VLX;velas
PPC;peercoin
SOAR;soarcoin
PAID;paid-network
BTR;bitrue-coin
ABBC;abbc-coin
BCN;bytecoin-bcn
RENBTC;renbtc
WIKEN;project-with
SFG;solforge
PZM;prizm
HOGE;hoge-finance
BOA;bosagora
MUSE;muse
WHALE;whale
CUMMIES;cumrocket
SAITO;saito
VNT;vnt-chain
CTCN;contracoin
WOM;wom-protocol
TES;teslacoin
VSP;vesper
WEST;waves-enterprise
MTA;meta
KDAG;king-dag
MUSIC;musicoin
FRONT;frontier
MDX;mdex
PART;particl
CVN;cvcoin
LBC;library-credit
BSCPAD;bscpad
TNT;tierion
TABOO;taboo-token
PEAK;peakdefi
PAY;tenx
SRK;sparkpoint
XTP;tap
BONDLY;bondly
ABYSS;abyss
TKN;tokencard
SALT;salt
PKF;polkafoundry
STC;student-coin
ZAP;zap
WOZX;efforce
DFI;defichain
PDEX;polkadex
DX;dxchain-token
QSP;quantstamp
NEST;nest-protocol
RMRK;rmrk
ARV;ariva
SHFT;shyft-network
DOGGY;doggy
L2;leverj-gluon
IGNIS;ignis
NFTB;nftb
SLICE;tranche-finance
HY;hybrix
SWOP;swop
SOLVE;solve
TTT;trustnote
MSB;misbloc
SPACE;nounspace
CIV;civilization
XWG;x-world-games
DIGG;digg
WATCH;yieldwatch
ROOM;optionroom
GNX;genaro-network
SFT;safex-token
RFUEL;rio-defi
GLCH;glitch
TIPS;fedoracoin
UBEX;ubex
DREP;drep-new
ASTRO;astroswap
PICKLE;pickle-finance
BMI;bridge-mutual
HST;decision-token
SRC;securecoin
LYM;lympo
OCTO;octofi
PHI;phi-token
PERL;perlin
MITH;mithril
CONV;convergence
CGG;chain-guardians
PMON;polkamon
STRONG;strong
KONO;konomi-network
DAD;dad
RUFF;ruff
XCASH;x-cash
RFR;refereum
KEX;kira-network
BANK;float-protocol
EM;eminer
NBS;new-bitshares
LABS;labs-group
BIRD;bird-money
NRV;nerve-finance
IDV;idavoll-network
EZ;easyfi
FREED;trumpcoin
FXF;finxflo
RAZE;raze-network
FINE;refinable
GARD;hashgard
APYS;apyswap
TUNE;antimatter
SPC;spacechain
BPT;blockport
AHT;bowhead
NEOS;neoscoin
SENC;sentinel-chain
ORC;orbit-chain
XRT;robonomics-network
INN;innova
IPX;tachyon-protocol
SNB;synchrobitcoin
BTCP;bitcoin-private
TRI;triangles
EUNO;euno
SOUL;phantasma
OLY;olyseum
SWRV;swerve
EGG;goose-finance
ARNX;aeron
AIT;aichain
UBSN;silent-notary
ZOON;cryptozoon
BOTX;botxcoin
MAI;mindsync
YOOSHI;yooshi
LPOOL;launchpool
DGC;digitalcoin
NAS;nebulas-token
HSC;hashcoin
ZCN;0chain
DNA;encrypgen
NAOS;naos-finance
DPET;my-defi-pet
HIT;hitchain
VEE;blockv
SASHIMI;sashimi
WSG;wall-street-games
DMT;dmarket
INDEX;index-cooperative
COFI;coinfi
LEMO;lemochain
ONX;onix
OST;ost
BIFI;bitcoin-file
TBTC;tbtc
PST;primas
MDS;medishares
SAFEMARS;safemars
SKM;skrumble-network
TEN;tokenomy
MOBI;mobius
MIS;mithril-share
NAFT;nafter
RDN;raiden-network-token
WOOP;woonkly-power
MAT;my-master-war
ESS;essentia
KBC;karatgold-coin
TNC;trinity-network-credit
DPY;delphy
FTI;fanstime
GEM;gems-protocol
EOSDAC;eosdac
CS;credits
BTO;bottos
ELEC;electrifyasia
KIF;kittenfinance
SOP;sopay
RATING;dprating
LBA;libra-credit
HEDG;hedgetrade
INK;ink
OCN;odyssey
QASH;qash
DDD;scryinfo
BCDN;blockcdn
SEUR;seur
BNTY;bounty0x
SPHR;sphere
GXC;gxchain
XPX;proximax
TRYB;bilira
TCT;tokenclub
BSTY;globalboost-y
BEST;bitpanda-ecosystem-token
VISION;apy-vision
HRT;hiro
NXT;nxt
EMC;emercoin
CLUB;clubcoin
ENQ;enecuum
ADP;adappter-token
UTT;uttoken
DGTX;digitex
NEC;nectar
NYE;newyork-exchange
LED;ledgerscore
XDNA;xdna
AAA;abulaba
ECC;eccoin
GTN;glitzkoin
BCHA;bitcoin-cash-abc-2
EKO;echolink
CAR;carblock
TURBO;turbocoin
BETA;beta
SIGMA;sigmacoin
VSC;vsportcoin
O3;o3swap
TESLA;teslacoilcoin
SKR;sakuracoin
DICE;etheroll
SCC;stockchain
QUBE;qube
CANDY;candy
ABC;alphabitcoinfund
0XBTC;0xbtc
ZXC;0xcert
TSHP;12ships
1WO;1world
2GIVE;2give
ETHBULL;3x-long-ethereum-token
42;42-coin
KWATT;4new
808;808coin
MPH;88mph
8BIT;8bit
EXE;8x8-protocol
RTB;ab-chain-rtb
AC3;ac3
ACC;acchain
ACED;aced
ADB;adbank
ADH;adhive
ADI;aditus
ADT;adtoken
XXX;adultchain
AIB;advanced-internet-blocks
ADZ;adzcoin
AGA;aga
DLT;agrello-delta
AID;aidcoin
AIDOC;aidoc
ADK;aidos-kuneen
AION;aion
AKY;akuya-coin
ALX;alax
SDS;alchemint-standards
ALIS;alis
ALBT;allianceblock
ALL;allion
ASAFE;allsafe
SOC;all-sports
ALY;ally
ACAT;alphacat
AMLT;amlt
AMMO;ammo-reloaded
AMN;amon
AMS;amsterdamcoin
ANW;anchor-neural-world
AVH;animation-vision-cash
ANI;animecoin
RYZ;anryze
ANY;anyswap
CPX;apex
APH;aphelion
APIS;apis
APM;apm-coin
APL;apollo-currency
XAP;apollon
APPC;appcoins
APR;apr-coin
APY;apy-finance
ARCO;aquariuscoin
ANJ;aragon-court
ARCT;arbitragect
ACTP;archetypal-network
ARDX;ardcoin
ARGUS;argus
ARIA20;arianee-protocol
ARI;aricoin
ARION;arion
ARLIZE;arlize
ARMOR;armor
ABY;artbyte
XAS;asch
ADCN;asiadigicoin
ASTA;asta
ATX;aston
ATRI;atari-token
ATB;atbcoin
ATCC;atc-coin
ATL;atlant
ATMOS;atmos
AWC;atomic-wallet-coin
ATMI;atonomi
ADC;audiocoin
AOA;aurora
URUS;urus
AU;aurumcoin
TXL;tixl-new
NIOX;autonio
AVT;aventus
ACN;avoncoin
AT;aware
AXEL;axel
AXN;axion
B2B;b2bx
BAAS;baasid
BABY;babyswap
BRC;baer-chain
BANCA;banca
BNK;bankera
BKX;bankex
BBN;banyan-network
BASIC;basic
BASID;basid-coin
BAS;basis-share
BSN;bastonet
BTA;bata
BITB;bean-cash
BEE;bee-token
BELA;belacoin
BELT;belt
MARK;benchmark-protocol
BWF;beowulf
BRY;berry-data
BET;betacoin
BETR;betterbetting
BZNT;bezant
BEZ;bezop
BHP;bhp-coin
BBP;biblepay
BIX;bibox-token
BIDR;binance-idr
BBO;bigbom
BIGUP;bigup
BIKI;biki
XBL;billionaire-token
BIOT;biopassport-token
BTRN;biotron
BIRDS;birds
BIS;bismuth
BTRS;bitball-treasure
BTB;bitbar
BAY;bitbay
BBK;bitblocks
BCV;bitcapitalvendor
BTDX;bitcloud
BEN;bitcoen
BCF;bitcoinfast
GOD;bitcoin-god
BITG;bitcoin-green
BHD;bitcoinhd
XBI;bitcoin-incognito
BCI;bitcoin-interest
BTPL;bitcoin-planet
XBC;bitcoin-plus
BPS;bitcoinpos
BTCRED;bitcoin-red
BTCS;bitcoin-scrypt
BTCU;unlimitedip
BTX;bitcore
BCY;bitcrystals
BTCR;bitcurrency
BIT;bitdao
BDL;bitdeal
CSNO;bitdice
BF;bitforex-token
BQ;bitqy
BRO;bitradio
RNTB;bitrent
BITX;bitscreener-token
BSD;bitsend
BSR;bitsoar
BSTN;bitstation
BITS;bitswift
BXT;bittokens
TUBE;bit-tube
BTW;bitwhite
ZNY;bitzeny
BZ;bit-z-token
BLK;blackcoin
BMC;blackmoon
BLAZR;blazercoin
XBP;blitzpredict
ARY;block-array
BQT;blockchain-quotations-index-token
LNC;blocklancer
BCPT;blockmason
BMH;blockmesh
BND;blocknode
BPL;blockpool
TIX;blocktix
XIO;blockzerolabs
BLCT;bloomzed-token
BNS;bns-token
BOAT;doubloon
BOB;bobs-repair
BOT;bodhi
BOE;bodhi-eth
BOLI;bolivarcoin
BON;bonpay
BOR;boringdao
BOS;boscoin
BOXX;boxx-token-blockparty
BRM;brahmaos
BRD;bread
BRK;breakout
BRX;breakout-stake
BRIT;britcoin
BNN;brokernekonetwork
BTSE;btse
BTU;btu-protocol
BUBO;budbo
BWK;bulwark
BUMBA;bumbacoin
BU;bumo
BUY;burency
BURN;burn
BURST;burst
BZRX;bzx-protocol
BREW;cafeswap-token
C4G3;cage
CLO;callisto-network
CC;campuscoin
CDN;canada-ecoin
CANN;cannabiscoin
CZR;cononchain
CAN;canyacoin
CAPP;cappasity
CPS;capricoin
SWTH;switcheo
CARDS;card-starter
CXO;cargox
CIT;carinet
CRE;carry
CV;carvertical
CBC;cashbery-coin
CSC;casinocoin
CSP;caspian
CCA;counos-coin
CCXX;counos-x
CEDEX;cedex-coin
CUSD;celo-dollar
CFUN;cfun
BOUNTY;sentinel-protocol
CHX;chainium
CAG;change
C3;charli3
CHI;chi-gastoken
BNANA;chimpion
CHIPS;chips
DAY;chronologic
CND;cindicator
COVAL;circuits-of-value
CTL;citadel
CLAM;clams
XCLR;clearcoin
POLL;clearpoll
CLOAK;cloakcoin
CLBK;cloudbric
COB;cobinhood
CFC;coffeecoin
CFI;cofound-it
CTIC3;coimatic-3
CET;coinex-token
CL;coinlancer
MEET;coinmeet
XCM;coinmetro-token
CNO;coin
XCXT;coinonatx
CHP;coinpoker
ZOOM;coinzoom
COLX;colossusxt
CLN;colu-local-network
CMT;comet
CBT;commerceblock
CDC;commerce-data-connection
CZRX;compound-0x
CETH;compound-ether
CUSDT;compound-usdt
CMS;comsa-eth
CCC;concierge-coin
CDM;condominium
CONI;coni
CJT;connectjob
CVNT;content-value-network
CSM;consentium
CNN;content-neutrality-network
CNET;contractnet
CPY;copytrack
COSM;cosmo-coin
COSS;coss
COU;couchain
XCP;counterparty
COUPE;coupecoin
COV;covesting
CRAVE;crave
CRM;cream
CREA;creativecoin
CRDNC;credence-coin
CREDO;credo
CREVA;crevacoin
CROP;cropcoin
CMCT;crowd-machine
CRW;crown
CRC;crycash
CPT;cryptaur
CRPT;crpt
C20;c20
CCRB;cryptocarbon
CRON;cryptocean
CHE;crypto-harbor-exchange
CIF;crypto-improvement-fund
CJ;cryptojacks
KEK;cryptokek
CNX;cryptonex
CPAY;cryptopay
CEFS;cryptopiafeeshares
CST;cryptosolartech
CCT;crystal-clear
QBT;cubits
CUDOS;cudos
XCUR;curate
CURE;curecoin
CUT;cutcoin
CYFM;cyberfm
CYMT;cybermusic
CVT;cybervein
CYDER;cyder
DACC;dacc
DACS;dacsee
DADI;dadi
DAX;daex
DALC;dalecoin
DAN;daneel
GEN;daostack
DAPS;daps-token
DMCH;darma-cash
KED;darsek
DTB;databits
DXT;datawallet
DATX;datx
DAV;dav-coin
DAC;davinci-coin
DAWN;dawn-protocol
DBTC;debitcoin
DEB;debitum-network
DCT;decent
DBET;decent-bet
DG;decentral-games
DTEP;decoin
ONION;deeponion
DEEX;deex
DFY;defi-for-you
DELTA;delta-chain
DCN;dentacoin
DEPAY;depay
DDX;derivadao
DERO;dero
DSR;desire
DTH;dether
DEUS;deuscoin
DEM;deutsche-emark
EVE;devery
DEV;deviantcoin
DEW;dew
DHT;dhedge-dao
DIT;digital-insurance-token
DMB;digital-money-bits
XDN;digitalnote
DP;digitalprice
DRS;digital-rupees
DGD;digixdao
DGX;digix-gold-token
DIG;dignity
DIM;dimcoin
DIME;dimecoin
DCY;dinastycoin
DINO;dino
DIP;dip
DCC;distributed-credit-chain
DMG;dmm-governance
MTC;docademic
DOCK;dock
DOLLAR;dollar-online
DRT;domraider
DRC;dipnet
AAC;acute-angle-cloud
DFT;draftcoin
DRG;dragon-coins
DGS;dragonglass
DVC;dragonvein
DRXNE;droxne
DBIX;dubaicoin-dbix
DUCATO;ducato-protocol-token
DDIM;duckdaodime
DUTCH;dutch-coin
DWS;dws
DXD;dxdao
SALE;dxsale-network
DYN;dynamic
DMC;dynamiccoin
DTR;dynamic-trading-rights
DTEM;dystem
EAC;earthcoin
EARTH;earth-token
EAURIC;eauric
EBC;ebcoin
EBTC;ebtcnew
EBT;ebittree-coin
EBST;eboostcoin
EDR;e-dinar-coin
EDRC;edrcoin
EKT;educare
LEDU;education-ecosystem
EFX;effect-ai
EGT;egretia
EFL;e-gulden
EDO;eidoo
EMC2;einsteinium
EJOY;ejoy
ELAMA;elamachain
XEL;elastic
ECA;electra
EPC;electronic-pk-chain
ELE;elementrem
ELI;eligma-token
EUM;elitium
ELLA;ellaism
EPS;ellipsis
EMB;embercoin
MBRS;embers
EMD;emerald
EMRX;emirex-token
NGM;e-money-coin
EPY;emphy
ESD;empty-set-dollar
ETT;encryptotel
EDS;endorsit
ETK;energitoken
TSL;energo
ENGT;engagement-token
ENG;enigma
ENT;entcash
BLACK;eosblack
EOSC;eos-force
EQL;equal
EQZ;equalizer
XEQ;equilibria
EQT;equitrader
ERA;blakestar
ERC20;erc20
ERT;eristica
ERO;eroscoin
ERY;eryllium
ESP;espers
EST;esports-token
ETBS;ethbits
ECASH;ethereumcash
ETHD;ethereum-dark
ETG;ethereum-gold
RIYA;etheriya
ESN;ethersocial
ETHOS;ethos
ERC;europecoin
EVC;eventchain
EVX;everex
EVIL;evil-coin
EXC;excaliburcoin
XUC;exchange-union
EXCL;exclusivecoin
EXMR;exmr
EXNT;exnetwork-token
EXP;expanse
EXY;experty
EXRN;exrnchain
EZT;eztoken
FACE;faceter
FCT;factom
FAIR;faircoin
FSW;fsw-token
FANS;fantasy-cash
FGC;fantasygold
FCN;fantomcoin
FAP;fapcoin
FARA;faraland
FTC;feathercoin
FO;fibos
FIC;filecash
FNX;finnexus
FTX;fintrux-network
FLOT;fire-lotto
BITCF;first-bitcoin-capital
1ST;firstblood
FLETA;fleta
FLEX;flex
FLIK;flik
FLP;flip
FLIXX;flixxo
FLO;flourmix
FYP;flypme
FNB;fnb-protocol
FNKOS;fnkos
FOAM;foam
FLDC;foldingcoin
FLG;folgory-coin
FONZ;fonziecoin
FOOD;food
FORK;forkcoin
FMF;formosa-financial
FKX;fortknoxster
FOTA;fortuna
FSBT;forty-seven-bank
FCL;fractal
FREC;freyrchain
FDZ;friends
FJC;fujicoin
NTO;fujinto
FTXT;futurax
FXC;futurexcrypto
FTO;futurocoin
FXT;fuzex
FUZZ;fuzzballs
GNR;gainer
GFARM2;gains-farm-v2
GAL;galatasaray-fan-token
GMB;gamb
GAM;gambit
GCS;gamechain
GRLC;garlicoin
GZE;gazecoin
GCN;gcn-coin
GEERT;geertcoin
GS;genesis-shards
GVT;genesis-vision
GEO;geocoin
GERO;gerowallet
GET;get-protocol
GFT;gifto
GIN;gincoin
GLA;gladius-token
GSC;global-social-chain
GLT;globaltoken
GBX;gobyte
GLC;goldcoin
GP;goldpieces
GPKR;gold-poker
GRX;gold-reward-token
GOLF;golfcoin
GOLOS;golos
GBG;golos-gold
GOT;gonetwork
GOOD;goodomy
GZIL;governance-zil
GOVI;govi
GRFT;graft
GRE;greencoin
GRMD;greenmed
GRN;greenpower
GRC;gridcoin
GRIM;grimcoin
GRS;groestlcoin
GRWI;growers-international
GSE;gsenetwork
GUA;gua
GETX;guaranteed-ethurance-token-extra
HKN;hacken
HAC;hackspace-capital
HAKKA;hakka-finance
HLC;halalchain
HALLO;halloween-coin
HPC;happycoin
HRC;haracoin
HMC;harmonycoin-hmc
HC;harvest-masternode-coin
XHV;haven-protocol
HAV;havven
HAVY;havy
HDAC;hdac
WORM;healthywormcoin
HEAT;heat-ledger
HBZ;helbiz
HNC;helleniccoin
HGT;hellogold
PLAY;herocoin
HER;heronode
HXX;hexx
HIBS;hiblocks
XHI;hicoin
HIRE;hirematch
HVN;hiveterminal-token
HODL;hodlcoin
HBC;homeblockcoin
HMR;homeros
HOO;hoo-token
HOPE;dovu
HTB;hotbit-token
HTML;html-coin
HMQ;humaniq
HUM;humanscape
HUC;huntercoin
HBTC;huobi-btc
HPT;huobi-pool-token
HUR;hurify
HUSD;husd
HUSH;hush
HXRO;hxro
HYC;hycon
HYD;internet-of-people
HYDRO;hydro
HYN;hyperion
I0C;i0coin
ICHI;ichi
ICN;iconomi
ICH;idea-chain-coin
IDXM;idex-membership
IDLE;idle
IDOL;idol-coin
IFOOD;ifoods-chain
IGG;ig-gold
IC;ignition
IHT;iht-real-estate-protocol
NKA;incakoin
INCNT;incent
IDH;indahash
INDI;indicoin
IFC;infinitecoin
INFS;infinity-esaham
IFLT;inflationcoin
INC;influence-chain
INO;ino-coin
INB;insight-chain
INSTAR;insights-network
XNS;insolar
ISR;insureum
INT;int-chain
IIC;intelligent-investment-chain
ITT;intelligent-trading-foundation
INCX;internationalcryptox
INXT;internxt
ENIX;invacio
IDT;investdigital
IFT;investfeed
IHF;invictus-hyperion-fund
IOC;iocoin
ION;ion
ITC;iot-chain
IOUX;iou
IOV;iov-blockchain
IPC;ipchain
IPSX;ip-exchange
IQN;iqeon
IQT;iquant
IRL;irishcoin
ITI;iticoin
ING;iungo
IVY;ivy
IXC;ixcoin
IZE;ize
JC;jesus-coin
J8T;jet8
JNT;jibrel-network
JIN;jin-coin
SWTC;jingtum-tech
XJO;joulecoin
JOT;jury-online-token
JUL;justliquidity
KNDC;kanadecoin
KRB;karbo
KARMA;karma-eos
KAYI;kayicoin
KCASH;kcash
ROOK;keeperdao
QLC;qlink
KIND;kind-ads-token
KIRO;kirobo
KGO;kiwigo
KSP;klayswap-protocol
KNT;knekted
KOBO;kobocoin
KOK;keystone-of-opportunity-knowledge
KLN;kolion
KORE;korecoin
KBR;kubera-coin
KUN;kun
KURT;kurrent
KYL;kylin
KZC;kzcash
LALA;lala-world
TAU;lamden
LRG;largo-coin
LATX;latiumx
LA;latoken
LDC;leadcoin
LEAF;leafcoin
LND;lendingblock
LST;lendroid-support-token
LC4;leocoin
LUC;level-up
XLC;leviar
LEVO;levocoin
LGCY;lgcy-network
LGO;legolas-exchange
LIGHT;lightchain
LPC;lightpaycoin
LINDA;linda
LFC;linfinity
LKC;linkedcoin
LET;linkeye
LNK;link-platform
LINX;linx
LCC;litecoin-cash
LCP;litecoin-plus
LDOGE;litedoge
LIVE;live-stars
LWF;local-world-forwarders
LOCI;locicoin
LOC;lockchain
LGS;logiscoin
LMC;lomocoin
LOTTO;lotto
LYL;loyalcoin
LYXE;lukso
LUN;lunyr
LUX;luxcoin
LKK;lykke
MAG;maggie
XMG;magi
MAGN;magnetcoin
MGM;magnum
MAID;maidsafecoin
MFTU;mainstream-for-the-underground
MNGO;mango-markets
MPL;maple
MRK;mark-space
MARO;maro
MXT;martexcoin
MGD;massgrid
MASH;masternet
MTNC;masternodecoin
MSCN;master-swiscoin
GUP;guppy
MTX;matryx
MAVRO;mavro
MXM;maximine-coin
MCO;crypto-com
MEDIC;mediccoin
MEESH;meesh-coin
MEETONE;meetone
MEC;megacoin
MEN;men
MEOW;meow
MVP;merculet
MER;mercurial-finance
META;metadium
MHC;metahash
METM;metamorph
ETP;metaverse
MRX;metrix-coin
AMM;micromoney
MNE;minereum
MRT;miners-reward-token
MINEX;minex
MNX;minexcoin
BIP;minter-network
MRI;mirai
MIU;miu
MOAC;moac
MGO;mobilego
MOD;modefi
MDA;moeda-loyalty-points
MOIN;moin
MOF;molecular-future
XMC;monero-classic
XMO;monero-original
MUE;monetaryunit
XMCC;monacocoin
AXPR;axpr-token
MORE;more-coin
MORK;mork
MITX;morpheus-labs
MSP;mothership
MCC;moving-cloud-coin
MXX;multiplier
MUNT;gulden
MUSH;mushroom
MCI;musiconomi
MST;mustangcoin
MUTE;mute
XMY;myriad
MT;mytoken
WISH;mywish
NAM;nam-coin
NMC;namecoin
NANJ;nanjcoin
NPX;napoleonx
NRVE;narrative
NTC;natcoin
NEBL;neblio
NBAI;nebula-ai
NEOG;neo-gold
NVT;nervenetwork
NETKO;netko
NEU;neumark
NRP;neural-protocol
NRO;neuro
NCC;neurochain
NTK;neurotoken
XTN;neutrino-usd
NSBT;neutrino-system-base-token
NEVA;nevacoin
NKC;nework
NPW;new-power-coin
NEW;newton
NXC;nexium
NTY;nexty
NXS;nexus
NFTX;nftx
NOX;nitro
NCASH;nucleus-vision
NIX;nix
NOBL;noblecoin
NOBS;no-bs-crypto
NLC;nolimitcoin
NVC;novacoin
NPER;nper
NU;nucypher
NLX;nullex
NMS;numus
OBSR;observer
ODN;obsidian
GBYTE;obyte
OC;oceanchain
OCE;oceanex-token
OCL;oceanlab
888;octocoin
ODE;odem
OF;ofcoin
OK;okcash
OHM;olympus
ECOM;omnitude
ONL;on-live
OPCT;opacity
OPC;op-coin
OPCX;opcoinx
SOS;opendao
OTN;open-trading-network
OPIUM;opium
OPT;opus
ORB;orbitcoin
ORS;origin-sport
ORMEUS;ormeus-coin
OXEN;oxen
PCS;pabyosi-coin-special
PAC;pac-protocol
PAK;pakcoin
PND;pandacoin-pnd
XPN;pantheon-x
PRG;paragon
DUO;parallelcoin
PARETO;pareto-network
PASC;pascal-coin
PASL;pascal-lite
PTOY;patientory
PAT;patron
PYN;paycent
XPY;paycoin2
PDX;payday-coin
PFR;payfair
PMNT;paymon
PPP;paypie
PBTC35A;pbtc35a
PCL;peculium
PCN;peepcoin
GUESS;guess
PPY;peerplays-ppy
PNT;penta
PEPECASH;pepe-cash
ASK;permission-coin
PTD;pesetacoin
PXC;phoenixcoin
PHX;phoenix-global
PHR;phore
PHO;photon
DOUGH;piedao-dough-v2
PLR;pillar
PINK;pinkcoin
PNODE;pinknode
PCOIN;pioneer-coin
SKULL;pirate-blocks
PIRL;pirl
PXL;pixel
PKG;pkg-token
PLANETS;planetwatch
PPAY;plasma-finance
PLC;platincoin
XPTX;platinumbar
PLTC;platoncoin
PLY;playcoin
PLACO;playercoin
IOG;playgroundz
PKT;playkey
PLX;plexcoin
POA;poa
POE;poet
PAL;policypal-network
PBR;polkabridge
PSWAP;polkaswap
PLBT;polybius
PCH;popchain
QQQ;poseidon-network
POST;postcoin
POS;postoken
POT;potcoin
PSM;prasm
PCM;precium
PREMIA;premia
PRES;president-trump
PRS;pressone
PBT;primalbase
PRIMU;primulon
PRA;prochain
PROC;procurrency
PUT;profile-utility-token
PGL;prospectors-gold
PRN;protean
PTT;proton-token
XES;proxeus
PBL;publica
PMA;pumapay
NPXSXEM;pundi-x-nem
NPXS;pundi-x
PURA;pura
PUREX;purex
VIDZ;purevidz
PUSSY;pussy-financial
PYLNT;pylon-network
QC;qcash
QNTU;quanta-utility-token
QAC;quasarcoin
QCX;quickx-protocol
QTCON;quiztok
QUN;qunqun
XQN;quotient
QURO;qurito
QVT;qvolta
QWARK;qwark
RBBT;rabbitcoin
RADS;radium
RAINI;rainicorn
RKN;rakon
RAMP;ramp
RGT;rari-governance-token
RTE;rate3
XRA;ratecoin
RAZOR;razor-network
REV;rchain
READ;read
RCT;realchain
REAP;reapchain
REBL;rebl
RAE;receive-access-ecosystem
RDD;redd
RLX;relex
RNS;renos
RTL;rentledger
ERSDL;unfederalreserve
MWAT;restart-energy-mwat
RVP;revolution-populi
RVR;revolutionvr
XRE;revolvercoin
REW;rewardiqa
RFOX;redfox-labs
XRH;rhenium
XRL;rialto
RBN;ribbon-finance
RMESH;rightmesh
RINGX;ring-x-platform
RCN;ripio-credit-network
RVT;rivetz
ROX;robotina
RKT;rock
ROOFS;roofs
RLT;roulettetoken
RRC;rrcoin
RBLX;rublix
RBY;rubycoin
RUNNERS;runners
RUP;rupee
RMC;russian-mining-coin
S4F;s4fe
SFC;safecap-token
SAFEX;safe-exchange-coin
SHA;safe-haven
SMI;safemoon-inu
XSTC;safe-trade-coin
SAKE;sake-token
SAL;salpay
SLS;salus
SAN;santiment
SAPP;sapphire
SVD;savedroid
SCORE;scorecoin
SEELE;seele
SEER;seer
B2X;segwit2x
SSC;selfsell
SDRN;senderon
SNTVT;sentivate
SEQ;sequence
KOBE;shabu-shabu-finance
SHC;niobium-coin
SS;sharder
SEXC;sharex
SHP;sharpe-platform-token
JEW;shekel
XSH;shield-xsh
SHIFT;shift
SHE;shinechain
SHIP;shipchain
OMX;shivom
SPI;shopping
SHOW;show
HAND;showhand
SIB;sibcoin
EROWAN;sifchain
SNGLS;singulardtv
SDAO;singularitydao
AGIX;singularitynet
SRN;sirin-labs-token
SISA;sisa
SDA;six-domain-chain
611;sixeleven
SKC;skeincoin
SKIN;skincoin
SLOTH;slothcoin
SMC;smartcoin
MFG;smart-mfg
SSP;smartshare
SMLY;smileycoin
SNIP;snipcoin
SNOV;snovio
$SNOW;snow
SCL;sociall
SLR;solarcoin
XLR;solaris
SCT;soma
SSG;somesing
SONIQ;soniq
SNM;sonm
SPHTX;sophiatx
XOR;sora
SPANK;spankchain
SPARK;sparks
SPARTA;spartan-protocol
SXUT;spectre-utility
XSPEC;spectrecoin
SCS;speedcash
SMS;speed-mining-service
XID;sphre-air
SPIKE;spiking
SPD;spindle
SNL;sport-and-leisure
SPF;sportyco
SPR;spreadcoin
SPRTS;sprouts
SRCOIN;srcoin
STAKE;xdai
XSN;stakenet
STAC;startercoin
XST;stealth
SBD;steem-dollars
STN;steneum-coin
STK;stk
STQ;storiqa
SJCX;storjcoin-x
SHND;stronghands
SUB;substratum
SGR;sugar-exchange
SUMO;sumokoin
SUPERBID;superbid
SBTC;super-bitcoin
UNITY;supernet-unity
SURE;sure
SUR;suretly
SUTER;suterusu
SWM;swarm-network
SWT;swarm-city
SWINGBY;swingby
SIC;swisscoin
SX;sportx
SYNX;syndicate
NOIA;syntropy
TAAS;taas
TAJ;tajcoin
TALAO;talao
TTU;tatatu
TLE;tattoocoin-limited
TSE;tattoocoin
TCN;tcoin
TEAM;tokenstars
THS;techshares
TONE;te-food
TEK;tekcoin
TELL;tellurion
TEMCO;temco
TERA;tera
KRT;terra-krw
TER;terranova
TFL;trueflip
TKY;thekey
TMTG;the-midas-touch-gold
MAY;theresa-may-coin
THR;thorecoin
THX;thorenext
THRT;thrive-token
TDX;tidex-token
TIE;tiesdb
TGC;tigercoin
TKING;tiger-king
TNB;time-new-bank
TOA;toacoin
TOKAMAK;tokamak-network
TDS;tokendesk
TPAY;tokenpay
TKS;tokes
TKA;tokia
TOK;tokugawa
TOL;tolar
TOPAZ;topaz
TOPC;topchain
TOR;torcoin-tor
TOTO;tourist-token
TAC;traceability-chain
TRCT;tracto
BBC;b2bcoin
TNS;transcodium
TX;transfercoin
TM2;traxia
TZC;trezarcoin
TRDT;trident
TTY;trinity
TRTT;trittium
TRONPAD;tronpad
TRK;truckcoin
TRUE;truechain
TFBX;truefeedback
TECX;cannation
TRV;trustverse
TRY;try-finance
TRTL;turtlecoin
TWIST;twist
UBQ;ubiq
UCT;ubique-chain-of-things
UCN;uchain
UGC;ugchain
UT;ulord
NIF;unifty
UNIFY;unify
UKG;unikoin-gold
UMX;unimex-network
SOCKS;unisocks
UNISTAKE;unistake
UBTC;united-bitcoin
UIS;unitus
UTNP;universa
UNIT;universal-currency
UBXT;upbots
UFR;upfiring
USE;usechain-token
OOT;utrum
VCT;valuecybertoken
VNLA;vanilla-network
VPRC;vaperscoin
VLTC;vault-coin
VBTC;venus-btc
VLINK;venus-link
VSXP;vsxp
VRC;vericoin
VDG;veridocglobal
CRED;verify
VME;verime
VERI;veritaseum
VRM;veriumreserve
VRS;veros
V;version
VTC;vertcoin
VRSC;veruscoin
VEST;vestchain
VETH;vether
VZT;vezt
VIBE;vibe
VIT;vice-industry-token
VIDY;vidy
VIEW;view
VIPS;vipstar-coin
VTA;virtacoin
XVP;virtacoinplus
TVK;terra-virtua-kolect
VISIO;visio
VISR;visor-finance
VITAE;vitae
VIU;viuly
VID;videocoin
VIVO;vivo
VOISE;voisecom
ACDC;volt
VOT;votecoin
IPL;insurepal
VSX;vsync-vsx
VULC;vulcano
W3C;w3coin
WABI;wabi
WAB;wabnetwork
WGR;wagerr
WTC;waltonchain
WAND;wandx
WGO;wavesgo
WICC;waykichain
WSX;wearesatoshi
WEB;webcoin
WPR;wepower
TRST;trust
WHL;whalecoin
XWC;whitecoin
WIC;wi-coin
WIKI;wiki-token
WC;win-coin
LIF;winding-tree
WINGS;wings
WOMEN;women
WRC;worldcore
WWB;wowbit
WOW;wowswap
WPP;wpp-token
XAUR;xaurum
XCEL;xceltoken
XCG;xchange
XCO;x-coin
XDEFI;xdefi-wallet
XNC;xenioscoin
XNN;xenon
XSR;xensor
XGOX;xgox
XMCT;xmct
XMON;xmon
SIG;xsigma
XBY;xtrabytes
XTRD;xtrd
YAXIS;yaxis
YEE;yee
YELD;yeld-finance
YTN;yenten
YFL;yflink
YEED;yeed
YLD;yield-app
YOC;yocoin
YOUC;youcash
YOU;you-coin
YOYOW;yoyow
YCC;yuan-chain-coin
YUKI;yuki
YUSRA;yusra
ZT;zbg-token
ZB;zb-token
ZCL;zclassic
XZC;zcoin
ZCO;zebi
ZPT;zeepin
ZEIT;zeitcoin
ZEL;zelcash
ZNN;zenon
ZNT;zenswap-network-token
ZER;zero
ZEST;zest
ZET;zetacoin
ZMC;zetamicron
ZLA;zilla
ZINC;zinc
ZIP;zip
ZIPT;zippie
ZMN;zmine
ZZC;zozocoin
ZPR;zper
